{
  "id": "dc20-monsters-by-sirniloc",
  "title": "RAVN Quest: Monsters",
  "version": "1.1.1",
  "compatibility": {
    "minimum": "12",
    "verified": "13"
  },
  "relationships": {
    "requires": [
      {
        "id": "devin-nights-free-tokens-fantasy",
        "type": "module",
        "compatibility": {}
      }
    ],
    "systems": [
      {
        "id": "dc20rpg",
        "type": "system",
        "compatibility": {}
      }
    ]
  },
  "authors": [
    {
      "name": "SirNiloc",
      "email": "sirniloc@ravn-quest.com",
      "url": "www.ravn-quest.com",
      "discord": "sirniloc",
      "flags": {}
    },
    {
      "name": "OnyxStudios",
      "email": "Onyx1602yt@gmail.com",
      "url": "https://patreon.com/OnyxStudios?",
      "discord": "Onyx1602#8924",
      "flags": {}
    }
  ],
  "packs": [
    {
      "name": "sirnilocs-monster-abilities",
      "label": "RAVN Quest: Monsters (Abilities)",
      "path": "packs/sirnilocs-monster-abilities",
      "type": "Item",
      "system": "dc20rpg",
      "ownership": {
        "PLAYER": "OBSERVER",
        "ASSISTANT": "OWNER"
      }
    },
    {
      "name": "ravn-quest-beasts",
      "label": "Beasts",
      "path": "packs/ravn-quest-beasts",
      "type": "Actor",
      "system": "dc20rpg",
      "ownership": {
        "PLAYER": "OBSERVER",
        "ASSISTANT": "OWNER"
      }
    },
    {
      "name": "ravn-quest-dragonkin",
      "label": "Dragonkin",
      "path": "packs/ravn-quest-dragonkin",
      "type": "Actor",
      "system": "dc20rpg",
      "ownership": {
        "PLAYER": "OBSERVER",
        "ASSISTANT": "OWNER"
      }
    },
    {
      "name": "ravn-quest-giants",
      "label": "Giants",
      "path": "packs/ravn-quest-giants",
      "type": "Actor",
      "system": "dc20rpg",
      "ownership": {
        "PLAYER": "OBSERVER",
        "ASSISTANT": "OWNER"
      }
    },
    {
      "name": "ravn-quest-townsfolk",
      "label": "Townsfolk",
      "path": "packs/ravn-quest-townsfolk",
      "type": "Actor",
      "system": "dc20rpg",
      "ownership": {
        "PLAYER": "OBSERVER",
        "ASSISTANT": "OWNER"
      }
    },
    {
      "name": "ravn-quest-underfolk",
      "label": "Underfolk",
      "path": "packs/ravn-quest-underfolk",
      "type": "Actor",
      "system": "dc20rpg",
      "ownership": {
        "PLAYER": "OBSERVER",
        "ASSISTANT": "OWNER"
      }
    },
    {
      "name": "ravn-quest-waterfolk",
      "label": "Waterfolk",
      "path": "packs/ravn-quest-waterfolk",
      "type": "Actor",
      "system": "dc20rpg",
      "ownership": {
        "PLAYER": "OBSERVER",
        "ASSISTANT": "OWNER"
      }
    },
    {
      "name": "ravn-quest-arcanforged",
      "label": "Arcanforged (WIP)",
      "path": "packs/ravn-quest-arcanforged",
      "type": "Actor",
      "system": "dc20rpg",
      "ownership": {
        "PLAYER": "OBSERVER",
        "ASSISTANT": "OWNER"
      }
    },
    {
      "name": "ravn-quest-demon",
      "label": "Demon (WIP)",
      "path": "packs/ravn-quest-demon",
      "type": "Actor",
      "system": "dc20rpg",
      "ownership": {
        "PLAYER": "OBSERVER",
        "ASSISTANT": "OWNER"
      }
    },
    {
      "name": "ravn-quest-porcs",
      "label": "Porcs (WIP)",
      "path": "packs/ravn-quest-porcs",
      "type": "Actor",
      "system": "dc20rpg",
      "ownership": {
        "PLAYER": "OBSERVER",
        "ASSISTANT": "OWNER"
      }
    },
    {
      "name": "ravn-quest-undead",
      "label": "Undead (WIP)",
      "path": "packs/ravn-quest-undead",
      "type": "Actor",
      "system": "dc20rpg",
      "ownership": {
        "PLAYER": "OBSERVER",
        "ASSISTANT": "OWNER"
      }
    },
    {
      "name": "ravn-quest-boss",
      "label": "Boss Monsters",
      "path": "packs/ravn-quest-boss",
      "type": "Actor",
      "system": "dc20rpg",
      "ownership": {
        "PLAYER": "OBSERVER",
        "ASSISTANT": "OWNER"
      }
    }
  ],
  "url": "https://github.com/SirNiloc/dc20-monsters-by-sirniloc",
  "manifest": "https://github.com/SirNiloc/dc20-monsters-by-sirniloc/releases/latest/download/module.json",
  "download": "https://github.com/SirNiloc/dc20-monsters-by-sirniloc/releases/latest/download/module.zip",
  "description": "<p>Adds more monsters, actions, and features for DC20.</p>"
}