{
  "id": "dc20-monsters-by-sirniloc",
  "title": "RAVN Quest: Monsters",
  "version": "1.0.0",
  "compatibility": {
    "minimum": "12",
    "verified": "13"
  },
  "relationships": {
    "requires": [
      {
        "id": "devin-nights-free-tokens-fantasy",
        "type": "module",
        "compatibility": {}
      }
    ],
    "systems": [
      {
        "id": "dc20rpg",
        "type": "system",
        "compatibility": {}
      }
    ]
  },
  "authors": [
    {
      "name": "SirNiloc",
      "email": "sirniloc@ravn-quest.com",
      "url": "www.ravn-quest.com",
      "discord": "sirniloc",
      "flags": {}
    }
  ],
  "packs": [
    {
      "name": "sirnilocs-monster-abilities",
      "label": "RAVN Quest: Monsters (Abilities)",
      "path": "packs/sirnilocs-monster-abilities",
      "type": "Item",
      "system": "dc20rpg",
      "ownership": {
        "PLAYER": "OBSERVER",
        "ASSISTANT": "OWNER"
      }
    },
    {
      "name": "sirnilocs-monsters",
      "label": "RAVN Quest: Monsters",
      "path": "packs/sirnilocs-monsters",
      "type": "Actor",
      "system": "dc20rpg",
      "ownership": {
        "PLAYER": "OBSERVER",
        "ASSISTANT": "OWNER"
      }
    }
  ],
  "url": "https://github.com/SirNiloc/dc20-monsters-by-sirniloc",
  "manifest": "https://github.com/SirNiloc/dc20-monsters-by-sirniloc/releases/download/1.0.0/module.json",
  "download": "https://github.com/SirNiloc/dc20-monsters-by-sirniloc/releases/download/1.0.0/module.zip",
  "description": "<p>Adds more monsters, actions, and features for DC20.</p>"
}